{
  "robot0_joint_pos": {
    "shape": [
      7
    ],
    "dtype": "float64",
    "min": -2.4707464238107613,
    "max": 2.2351167492703046
  },
  "robot0_joint_pos_cos": {
    "shape": [
      7
    ],
    "dtype": "float64",
    "min": -0.7832958884597487,
    "max": 1.0
  },
  "robot0_joint_pos_sin": {
    "shape": [
      7
    ],
    "dtype": "float64",
    "min": -0.6216490578469921,
    "max": 0.7873359429049421
  },
  "robot0_joint_vel": {
    "shape": [
      7
    ],
    "dtype": "float64",
    "min": 0.0,
    "max": 0.0
  },
  "robot0_eef_pos": {
    "shape": [
      3
    ],
    "dtype": "float64",
    "min": -0.21834332428505876,
    "max": 1.1572135787036901
  },
  "robot0_eef_quat": {
    "shape": [
      4
    ],
    "dtype": "float64",
    "min": -0.043839855785546764,
    "max": 0.9990385409883582
  },
  "robot0_gripper_qpos": {
    "shape": [
      2
    ],
    "dtype": "float64",
    "min": -0.008388394378881805,
    "max": 0.008388610003599712
  },
  "robot0_gripper_qvel": {
    "shape": [
      2
    ],
    "dtype": "float64",
    "min": 0.0,
    "max": 0.0
  },
  "agentview_image": {
    "shape": [
      128,
      128,
      3
    ],
    "dtype": "uint8",
    "min": 0.0,
    "max": 203.0
  },
  "agentview_depth": {
    "shape": [
      128,
      128,
      1
    ],
    "dtype": "float32",
    "min": 0.9848288297653198,
    "max": 0.9965593814849854
  },
  "robot0_eye_in_hand_image": {
    "shape": [
      128,
      128,
      3
    ],
    "dtype": "uint8",
    "min": 0.0,
    "max": 219.0
  },
  "robot0_eye_in_hand_depth": {
    "shape": [
      128,
      128,
      1
    ],
    "dtype": "float32",
    "min": 0.6766192317008972,
    "max": 0.9711436629295349
  },
  "akita_black_bowl_1_pos": {
    "shape": [
      3
    ],
    "dtype": "float64",
    "min": -0.09465283012390281,
    "max": 0.9209383730030585
  },
  "akita_black_bowl_1_quat": {
    "shape": [
      4
    ],
    "dtype": "float64",
    "min": -3.8310256101162064e-05,
    "max": 0.7071067816986836
  },
  "akita_black_bowl_1_to_robot0_eef_pos": {
    "shape": [
      3
    ],
    "dtype": "float64",
    "min": -0.08912384006360867,
    "max": 0.22453225902767604
  },
  "akita_black_bowl_1_to_robot0_eef_quat": {
    "shape": [
      4
    ],
    "dtype": "float32",
    "min": -0.7062512636184692,
    "max": 0.7066019773483276
  },
  "cream_cheese_1_pos": {
    "shape": [
      3
    ],
    "dtype": "float64",
    "min": 0.0001481069266597007,
    "max": 0.9067228917759127
  },
  "cream_cheese_1_quat": {
    "shape": [
      4
    ],
    "dtype": "float64",
    "min": 8.886045970428202e-12,
    "max": 0.9999999999863851
  },
  "cream_cheese_1_to_robot0_eef_pos": {
    "shape": [
      3
    ],
    "dtype": "float64",
    "min": -0.18476891447102609,
    "max": 0.23968445826982612
  },
  "cream_cheese_1_to_robot0_eef_quat": {
    "shape": [
      4
    ],
    "dtype": "float32",
    "min": -0.9990385174751282,
    "max": 0.04383901134133339
  },
  "wine_bottle_1_pos": {
    "shape": [
      3
    ],
    "dtype": "float64",
    "min": -0.2460192850426909,
    "max": 0.9200573632261118
  },
  "wine_bottle_1_quat": {
    "shape": [
      4
    ],
    "dtype": "float64",
    "min": -2.2341777978907644e-06,
    "max": 0.9999999999974944
  },
  "wine_bottle_1_to_robot0_eef_pos": {
    "shape": [
      3
    ],
    "dtype": "float64",
    "min": -0.006793801873062499,
    "max": 0.23866889509403866
  },
  "wine_bottle_1_to_robot0_eef_quat": {
    "shape": [
      4
    ],
    "dtype": "float32",
    "min": -0.9990384578704834,
    "max": 0.04384209215641022
  },
  "plate_1_pos": {
    "shape": [
      3
    ],
    "dtype": "float64",
    "min": 0.0941056438272802,
    "max": 0.920632947189541
  },
  "plate_1_quat": {
    "shape": [
      4
    ],
    "dtype": "float64",
    "min": -5.558041598654557e-05,
    "max": 0.7071068008034136
  },
  "plate_1_to_robot0_eef_pos": {
    "shape": [
      3
    ],
    "dtype": "float64",
    "min": -0.093904792964451,
    "max": 0.4077409978963108
  },
  "plate_1_to_robot0_eef_quat": {
    "shape": [
      4
    ],
    "dtype": "float32",
    "min": -0.7062505483627319,
    "max": 0.7065988183021545
  },
  "robot0_proprio-state": {
    "shape": [
      39
    ],
    "dtype": "float64",
    "min": -2.4707464238107613,
    "max": 2.2351167492703046
  },
  "object-state": {
    "shape": [
      56
    ],
    "dtype": "float64",
    "min": -0.9990385174751282,
    "max": 0.9999999999974944
  }
}