{
  "robot0_joint_pos": {
    "shape": [
      7
    ],
    "dtype": "float64",
    "min": -2.4707464238107613,
    "max": 2.2351167492703046
  },
  "robot0_joint_pos_cos": {
    "shape": [
      7
    ],
    "dtype": "float64",
    "min": -0.7832958884597487,
    "max": 1.0
  },
  "robot0_joint_pos_sin": {
    "shape": [
      7
    ],
    "dtype": "float64",
    "min": -0.6216490578469921,
    "max": 0.7873359429049421
  },
  "robot0_joint_vel": {
    "shape": [
      7
    ],
    "dtype": "float64",
    "min": 0.0,
    "max": 0.0
  },
  "robot0_eef_pos": {
    "shape": [
      3
    ],
    "dtype": "float64",
    "min": -0.21834332428505876,
    "max": 1.1572135787036901
  },
  "robot0_eef_quat": {
    "shape": [
      4
    ],
    "dtype": "float64",
    "min": -0.043839855785546764,
    "max": 0.9990385409883582
  },
  "robot0_gripper_qpos": {
    "shape": [
      2
    ],
    "dtype": "float64",
    "min": -0.008388394378881805,
    "max": 0.008388610003599712
  },
  "robot0_gripper_qvel": {
    "shape": [
      2
    ],
    "dtype": "float64",
    "min": 0.0,
    "max": 0.0
  },
  "agentview_image": {
    "shape": [
      128,
      128,
      3
    ],
    "dtype": "uint8",
    "min": 0.0,
    "max": 203.0
  },
  "agentview_depth": {
    "shape": [
      128,
      128,
      1
    ],
    "dtype": "float32",
    "min": 0.9848288297653198,
    "max": 0.9965593814849854
  },
  "robot0_eye_in_hand_image": {
    "shape": [
      128,
      128,
      3
    ],
    "dtype": "uint8",
    "min": 0.0,
    "max": 206.0
  },
  "robot0_eye_in_hand_depth": {
    "shape": [
      128,
      128,
      1
    ],
    "dtype": "float32",
    "min": 0.6766192317008972,
    "max": 0.9711436629295349
  },
  "akita_black_bowl_1_pos": {
    "shape": [
      3
    ],
    "dtype": "float64",
    "min": 0.004042933905127375,
    "max": 0.9600365110831927
  },
  "akita_black_bowl_1_quat": {
    "shape": [
      4
    ],
    "dtype": "float64",
    "min": -0.08853661552030805,
    "max": 0.7201206691621224
  },
  "akita_black_bowl_1_to_robot0_eef_pos": {
    "shape": [
      3
    ],
    "dtype": "float64",
    "min": -0.04011002383254593,
    "max": 0.23882302635586616
  },
  "akita_black_bowl_1_to_robot0_eef_quat": {
    "shape": [
      4
    ],
    "dtype": "float32",
    "min": -0.7153773903846741,
    "max": 0.6877908110618591
  },
  "cream_cheese_1_pos": {
    "shape": [
      3
    ],
    "dtype": "float64",
    "min": -0.048106940272141345,
    "max": 0.9067228918922168
  },
  "cream_cheese_1_quat": {
    "shape": [
      4
    ],
    "dtype": "float64",
    "min": 8.689902012892117e-12,
    "max": 0.9999999999858984
  },
  "cream_cheese_1_to_robot0_eef_pos": {
    "shape": [
      3
    ],
    "dtype": "float64",
    "min": -0.18351884258455572,
    "max": 0.2346158804960683
  },
  "cream_cheese_1_to_robot0_eef_quat": {
    "shape": [
      4
    ],
    "dtype": "float32",
    "min": -0.9990383982658386,
    "max": 0.043839070945978165
  },
  "wine_bottle_1_pos": {
    "shape": [
      3
    ],
    "dtype": "float64",
    "min": -0.29735288655523295,
    "max": 0.9200573632261118
  },
  "wine_bottle_1_quat": {
    "shape": [
      4
    ],
    "dtype": "float64",
    "min": -2.2341777978907394e-06,
    "max": 0.9999999999974944
  },
  "wine_bottle_1_to_robot0_eef_pos": {
    "shape": [
      3
    ],
    "dtype": "float64",
    "min": -0.05794076977421636,
    "max": 0.24316548204019306
  },
  "wine_bottle_1_to_robot0_eef_quat": {
    "shape": [
      4
    ],
    "dtype": "float32",
    "min": -0.9990384578704834,
    "max": 0.04384209215641022
  },
  "plate_1_pos": {
    "shape": [
      3
    ],
    "dtype": "float64",
    "min": 0.11457966976724127,
    "max": 0.920632947189541
  },
  "plate_1_quat": {
    "shape": [
      4
    ],
    "dtype": "float64",
    "min": -5.5580415986545814e-05,
    "max": 0.7071068008034136
  },
  "plate_1_to_robot0_eef_pos": {
    "shape": [
      3
    ],
    "dtype": "float64",
    "min": -0.11437591444213085,
    "max": 0.4136361184909913
  },
  "plate_1_to_robot0_eef_quat": {
    "shape": [
      4
    ],
    "dtype": "float32",
    "min": -0.7062505483627319,
    "max": 0.7065988183021545
  },
  "robot0_proprio-state": {
    "shape": [
      39
    ],
    "dtype": "float64",
    "min": -2.4707464238107613,
    "max": 2.2351167492703046
  },
  "object-state": {
    "shape": [
      56
    ],
    "dtype": "float64",
    "min": -0.9990384578704834,
    "max": 0.9999999999974944
  }
}